{"real_global_validity": -178.74053955078125, "fake_global_validity": 108.232666015625, "real_patch_validity": -288.5316467285156, "fake_patch_validity": 204.78823852539062, "gp_global": 0.8734778165817261, "gp_fake": 2.992037773132324, "real_validity": -467.2721862792969, "fake_validity": 313.0209045410156, "gp": 3.86551570892334, "m_loss": 0.029692448675632477, "recon_loss": 0.1546514332294464, "sem_const_loss": 0.6590986251831055, "tex_const_loss": 61.91167449951172, "adv_global_loss": 134.92567443847656, "adv_patch_loss": -199.0585479736328, "adv_loss": -64.13287353515625, "_runtime": 248, "_timestamp": 1629447335, "_step": 41}