{"real_global_validity": -2222.328857421875, "fake_global_validity": 11.856225967407227, "real_patch_validity": -2008.2066650390625, "fake_patch_validity": 23.586952209472656, "gp_global": 64.600341796875, "gp_fake": 87.28829956054688, "real_validity": -4230.53564453125, "fake_validity": 35.44317626953125, "gp": 151.88864135742188, "m_loss": 0.5230319499969482, "recon_loss": 0.47246336936950684, "sem_const_loss": 0.575249969959259, "tex_const_loss": 64.96561431884766, "adv_global_loss": -21.45582389831543, "adv_patch_loss": -24.913829803466797, "adv_loss": -46.369651794433594, "_runtime": 72, "_timestamp": 1629208790, "_step": 0}