{"real_global_validity": 1503.382568359375, "fake_global_validity": -2544.960205078125, "real_patch_validity": 1231.34912109375, "fake_patch_validity": -2231.33056640625, "gp_global": 37.9840202331543, "gp_fake": 41.73040008544922, "real_validity": 2734.731689453125, "fake_validity": -4776.291015625, "gp": 79.71441650390625, "m_loss": 0.13212299346923828, "recon_loss": 0.5042805075645447, "sem_const_loss": 0.6187047362327576, "tex_const_loss": 63.096946716308594, "adv_global_loss": 2644.798828125, "adv_patch_loss": 2446.31103515625, "adv_loss": 5091.10986328125, "_runtime": 135, "_timestamp": 1629208611, "_step": 14}