{"real_global_validity": 686.307861328125, "fake_global_validity": -1056.855224609375, "real_patch_validity": -181.43069458007812, "fake_patch_validity": 147.9680938720703, "gp_global": 12.355579376220703, "gp_fake": 1.2057669162750244, "real_validity": 504.8771667480469, "fake_validity": -908.8871459960938, "gp": 13.561346054077148, "m_loss": 0.1430603265762329, "recon_loss": 0.22985069453716278, "sem_const_loss": 0.5931633710861206, "tex_const_loss": 16.622135162353516, "adv_global_loss": 1092.7125244140625, "adv_patch_loss": -142.294677734375, "adv_loss": 950.4178466796875, "_runtime": 320, "_timestamp": 1629381881, "_step": 124}