{"real_global_validity": 39.88376235961914, "fake_global_validity": -46.83319854736328, "real_patch_validity": 48.87611389160156, "fake_patch_validity": -54.08160400390625, "gp_global": 0.19646692276000977, "gp_fake": 0.18971022963523865, "real_validity": 88.75987243652344, "fake_validity": -100.91480255126953, "gp": 0.3861771523952484, "m_loss": 0.019480831921100616, "recon_loss": 0.2131260335445404, "sem_const_loss": 0.6160567998886108, "tex_const_loss": 70.97312927246094, "adv_global_loss": 53.83721923828125, "adv_patch_loss": 62.99479293823242, "adv_loss": 116.83201599121094, "_runtime": 120, "_timestamp": 1629211737, "_step": 12}