{"real_global_validity": 187.610107421875, "fake_global_validity": -201.73312377929688, "real_patch_validity": -71.57402801513672, "fake_patch_validity": 65.38029479980469, "gp_global": 0.08643744885921478, "gp_fake": 0.02989840880036354, "real_validity": 116.03607940673828, "fake_validity": -136.3528289794922, "gp": 0.11633585393428802, "m_loss": 0.030103493481874466, "recon_loss": 0.08502055704593658, "sem_const_loss": 0.704720139503479, "tex_const_loss": 56.772640228271484, "adv_global_loss": 202.9635009765625, "adv_patch_loss": -64.3620834350586, "adv_loss": 138.60140991210938, "_runtime": 3526, "_timestamp": 1629387607, "_step": 979, "examples": {"_type": "images/separated", "width": 256, "height": 256, "format": "png", "count": 7, "captions": ["original_image", "contaminant_image", "masked_image", "original_masks", "smoothed_masks", "predicted_masks", "output"]}}