{"real_global_validity": 69.45811462402344, "fake_global_validity": -75.74551391601562, "real_patch_validity": -55.29671859741211, "fake_patch_validity": 26.954545974731445, "gp_global": 0.16525039076805115, "gp_fake": 14.58814811706543, "real_validity": 14.161396026611328, "fake_validity": -48.79096984863281, "gp": 14.753398895263672, "m_loss": 0.1102042943239212, "recon_loss": 0.16371166706085205, "sem_const_loss": 0.6635390520095825, "tex_const_loss": 68.8115005493164, "adv_global_loss": 65.07215881347656, "adv_patch_loss": -38.262447357177734, "adv_loss": 26.809711456298828, "_runtime": 170, "_timestamp": 1629209106, "_step": 23}