{"real_global_validity": -232.13385009765625, "fake_global_validity": 141.6798553466797, "real_patch_validity": -302.4700012207031, "fake_patch_validity": 194.81857299804688, "gp_global": 2.547022581100464, "gp_fake": 2.8176229000091553, "real_validity": -534.6038818359375, "fake_validity": 336.4984130859375, "gp": 5.364645481109619, "m_loss": 0.16858255863189697, "recon_loss": 0.13262802362442017, "sem_const_loss": 0.7494878172874451, "tex_const_loss": 17.108322143554688, "adv_global_loss": -197.17266845703125, "adv_patch_loss": -221.75442504882812, "adv_loss": -418.9270935058594, "_runtime": 959, "_timestamp": 1629383788, "_step": 431, "examples": {"_type": "images/separated", "width": 256, "height": 256, "format": "png", "count": 7, "captions": ["original_image", "contaminant_image", "masked_image", "original_masks", "smoothed_masks", "predicted_masks", "output"]}}