{"real_global_validity": 140.97979736328125, "fake_global_validity": -188.07737731933594, "real_patch_validity": -7.168999195098877, "fake_patch_validity": 7.741206169128418, "gp_global": 0.00032699343864805996, "gp_fake": 0.8719561100006104, "real_validity": 133.810791015625, "fake_validity": -180.33616638183594, "gp": 0.8722831010818481, "m_loss": 0.05879867821931839, "recon_loss": 0.2716914415359497, "sem_const_loss": 0.6052454113960266, "tex_const_loss": 66.98665618896484, "adv_global_loss": 271.1534423828125, "adv_patch_loss": -7.251861572265625, "adv_loss": 263.9015808105469, "_runtime": 58, "_timestamp": 1629448477, "_step": 6}