{"gp_fake": 52.72544860839844, "_runtime": 143, "sem_const_loss": 0.604827880859375, "fake_patch_validity": 242.6584320068359, "fake_global_validity": 330.81219482421875, "real_global_validity": -1938.150390625, "gp": 122.1270751953125, "recon_loss": 0.3787080645561218, "fake_validity": 573.4706420898438, "adv_global_loss": -324.2325439453125, "real_patch_validity": -1490.102294921875, "m_loss": 0.21523281931877136, "adv_loss": -578.403564453125, "gp_global": 69.40162658691406, "_timestamp": 1626959481, "tex_const_loss": 62.391075134277344, "_step": 3, "adv_patch_loss": -254.17105102539065, "real_validity": -3428.252685546875}