{"real_global_validity": 147.58395385742188, "fake_global_validity": -133.10458374023438, "real_patch_validity": 32.365047454833984, "fake_patch_validity": -28.030033111572266, "gp_global": 0.061179742217063904, "gp_fake": 0.05272960662841797, "real_validity": 179.94900512695312, "fake_validity": -161.13461303710938, "gp": 0.11390934884548187, "m_loss": 0.0423249714076519, "recon_loss": 0.15085232257843018, "sem_const_loss": 0.6371718645095825, "tex_const_loss": 16.221466064453125, "adv_global_loss": 102.05401611328125, "adv_patch_loss": 26.302818298339844, "adv_loss": 128.35684204101562, "_runtime": 294, "_timestamp": 1629212429, "_step": 105}