{"real_global_validity": -68.76287841796875, "fake_global_validity": 51.130828857421875, "real_patch_validity": -76.47178649902344, "fake_patch_validity": 67.55931091308594, "gp_global": 0.20600593090057373, "gp_fake": 0.3291556239128113, "real_validity": -145.2346649169922, "fake_validity": 118.69013977050781, "gp": 0.535161554813385, "m_loss": 0.20553596317768097, "recon_loss": 0.26667508482933044, "sem_const_loss": 0.637946367263794, "tex_const_loss": 70.1368408203125, "adv_global_loss": -39.227073669433594, "adv_patch_loss": -59.336483001708984, "adv_loss": -98.56355285644531, "_runtime": 156, "_timestamp": 1626959494, "_step": 5}