{"real_global_validity": 759.7577514648438, "fake_global_validity": -2013.16162109375, "real_patch_validity": 287.4081115722656, "fake_patch_validity": -808.2349853515625, "gp_global": 68.16943359375, "gp_fake": 13.831482887268066, "real_validity": 1047.1658935546875, "fake_validity": -2821.396484375, "gp": 82.00091552734375, "m_loss": 0.03063744679093361, "recon_loss": 0.3958187699317932, "sem_const_loss": 0.6630445718765259, "tex_const_loss": 72.84825897216797, "adv_global_loss": 1585.1201171875, "adv_patch_loss": 1337.7655029296875, "adv_loss": 2922.8857421875, "_runtime": 123, "_timestamp": 1629211492, "_step": 12}