{"real_global_validity": -70.64828491210938, "fake_global_validity": 51.05577087402344, "real_patch_validity": -107.76424407958984, "fake_patch_validity": 72.43759155273438, "gp_global": 0.11152157187461853, "gp_fake": 0.6865009069442749, "real_validity": -178.41253662109375, "fake_validity": 123.49336242675781, "gp": 0.7980225086212158, "m_loss": 0.041773758828639984, "recon_loss": 0.1444578468799591, "sem_const_loss": 0.5906683802604675, "tex_const_loss": 66.73818969726562, "adv_global_loss": -45.524375915527344, "adv_patch_loss": -92.65919494628906, "adv_loss": -138.18356323242188, "_runtime": 325, "_timestamp": 1629209515, "_step": 61}