{"real_global_validity": 385.5667724609375, "fake_global_validity": -427.71844482421875, "real_patch_validity": -229.09994506835938, "fake_patch_validity": 207.25685119628906, "gp_global": 1.2494454383850098, "gp_fake": 0.3116750717163086, "real_validity": 156.46682739257812, "fake_validity": -220.4615936279297, "gp": 1.5611205101013184, "m_loss": 0.07171957939863205, "recon_loss": 0.07331474125385284, "sem_const_loss": 0.49395298957824707, "tex_const_loss": 10.916916847229004, "adv_global_loss": 398.1405944824219, "adv_patch_loss": -209.85804748535156, "adv_loss": 188.2825469970703, "_runtime": 3604, "_timestamp": 1629218114, "_step": 1628, "examples": {"_type": "images/separated", "width": 256, "height": 256, "format": "png", "count": 7, "captions": ["original_image", "contaminant_image", "masked_image", "original_masks", "smoothed_masks", "predicted_masks", "output"]}}