{"real_global_validity": -684.1263427734375, "fake_global_validity": 370.8172302246094, "real_patch_validity": -862.230712890625, "fake_patch_validity": 512.3917236328125, "gp_global": 10.250801086425781, "gp_fake": 16.942794799804688, "real_validity": -1546.3570556640625, "fake_validity": 883.208984375, "gp": 27.19359588623047, "m_loss": 0.15311631560325623, "recon_loss": 0.20539796352386475, "sem_const_loss": 0.6090233325958252, "tex_const_loss": 66.90582275390625, "adv_global_loss": -449.54754638671875, "adv_patch_loss": -376.84051513671875, "adv_loss": -826.3880615234375, "_runtime": 127, "_timestamp": 1629447669, "_step": 23}