{"real_global_validity": 42.47410202026367, "fake_global_validity": -81.27555847167969, "real_patch_validity": -51.32158660888672, "fake_patch_validity": 4.308272361755371, "gp_global": 0.02634798176586628, "gp_fake": 1.334993839263916, "real_validity": -8.847484588623047, "fake_validity": -76.96728515625, "gp": 1.3613418340682983, "m_loss": 0.042167097330093384, "recon_loss": 0.2738354504108429, "sem_const_loss": 0.5485814213752747, "tex_const_loss": 17.46578025817871, "adv_global_loss": 72.6264419555664, "adv_patch_loss": -11.466343879699707, "adv_loss": 61.160099029541016, "_runtime": 101, "_timestamp": 1629211945, "_step": 17}