{"real_global_validity": 103.09029388427734, "fake_global_validity": -181.64337158203125, "real_patch_validity": -319.9494934082031, "fake_patch_validity": 266.0082092285156, "gp_global": 2.580994129180908, "gp_fake": 0.9195595383644104, "real_validity": -216.85919189453125, "fake_validity": 84.36483764648438, "gp": 3.500553607940674, "m_loss": 0.1144142597913742, "recon_loss": 0.09145808219909668, "sem_const_loss": 0.6238085031509399, "tex_const_loss": 62.32807159423828, "adv_global_loss": 164.21624755859375, "adv_patch_loss": -302.3666687011719, "adv_loss": -138.15042114257812, "_runtime": 3585, "_timestamp": 1629360401, "_step": 880, "examples": {"_type": "images/separated", "width": 256, "height": 256, "format": "png", "count": 7, "captions": ["original_image", "contaminant_image", "masked_image", "original_masks", "smoothed_masks", "predicted_masks", "output"]}}