{"real_global_validity": -0.7366089820861816, "fake_global_validity": -55.967201232910156, "real_patch_validity": -172.6636962890625, "fake_patch_validity": 135.69569396972656, "gp_global": 1.5267497301101685, "gp_fake": 0.9040417075157166, "real_validity": -173.40029907226562, "fake_validity": 79.7284927368164, "gp": 2.4307913780212402, "m_loss": 0.010794410482048988, "recon_loss": 0.07999570667743683, "sem_const_loss": 0.5218409895896912, "tex_const_loss": 53.748619079589844, "adv_global_loss": 62.87052917480469, "adv_patch_loss": -132.31982421875, "adv_loss": -69.44929504394531, "_runtime": 3600, "_timestamp": 1629391338, "_step": 994, "examples": {"_type": "images/separated", "width": 256, "height": 256, "format": "png", "count": 7, "captions": ["original_image", "contaminant_image", "masked_image", "original_masks", "smoothed_masks", "predicted_masks", "output"]}}